[
    {
        "index": 1,
        "name": "Tiktok",
        "method": "GET",
        "description": "Downloader For Tiktok",
        "apiKey": "apikey, url",
        "status": "active",
        "apiLink": "/api/downloader/tiktok?url=https://www.tiktok.com/@xyzenprst/video/7324667959920594181"
    },
    {
        "index": 2,
        "name": "Instagram",
        "method": "GET",
        "description": "Downloader For Instagram",
        "apiKey": "apikey, url",
        "status": "active",
        "apiLink": "/api/downloader/instagram?url=https://www.instagram.com/reel/C37PXcVRlK_"
    }
]