[

    {
        "img": "https://www.freelogovectors.net/wp-content/uploads/2020/11/picsart-logo.png",
        "jawaban": "Picsart"
        },
    {
        "img": "https://i.pinimg.com/564x/9d/7d/ea/9d7dea32a8f96bece6eb9377d3a3926c.jpg",
        "jawaban": "Wattpad"
        },
    {
        "img": "https://www.androidguys.com/wp-content/uploads/2017/01/ibis.png",
        "jawaban": "Ibis paint x"
        },
    {
        "img": "https://static.wikia.nocookie.net/zepeto/images/3/31/Icon_3x.png",
        "jawaban": "Zepeto"
        },
    {
        "img": "https://toppng.com/uploads/preview/whatsapp-icon-logo-png-11536003317vn34oswvvg.png",
        "jawaban": "Whatsapp"
        },
    {
        "img": "https://toppng.com/uploads/preview/facebook-logo-11549681668z1ra1h6mmx.png",
        "jawaban": "Facebook"
        },
    {
        "img": "https://toppng.com/uploads/preview/twitter-icon-twitter-logo-png-square-11562979688lurcfovxzs.png",
        "jawaban": "Twitter"
        },
    {
        "img": "https://p.kindpng.com/picc/s/4-44729_scalable-vector-graphics-social-media-youtube-logo-youtube.png",
        "jawaban": "Youtube"
        },
    {
        "img": "https://apkmazon.com/wp-content/uploads/2021/05/subway-surfers.png",
        "jawaban": "Subway Surfers"
        },
    {
        "img": "https://i.pinimg.com/564x/27/2d/df/272ddfccb6bb6161a6a9364ffc3703d7.jpg",
        "jawaban": "Tik tok"
        },
    {
        "img": "https://i.pinimg.com/564x/f6/e4/4e/f6e44ea46509b69ccee1ca6a00e7585a.jpg",
        "jawaban": "Reddit"
        },
    {
        "img": "https://i.pinimg.com/564x/00/2a/d5/002ad5a52ab3f0c4fe40b29d32673aea.jpg",
        "jawaban": "Netflix"
        },
    {
        "img": "https://i.pinimg.com/564x/ed/34/e9/ed34e9e48c3151264b34a39c6aef124f.jpg",
        "jawaban": "Instagram"
        },
    {
        "img": "https://i.pinimg.com/564x/95/8d/72/958d72c58ea3dd02c7f243beda7a499a.jpg",
        "jawaban": "Gmail"
        },
    {
        "img": "https://i.pinimg.com/564x/24/5b/db/245bdb5bc6d122d1a71ce0ba88399671.jpg",
        "jawaban": "Spotify"
        },
    {
        "img": "https://i.pinimg.com/236x/3e/ac/17/3eac170ede3e07a446f588e9011c4dd7.jpg",
        "jawaban": "Snapchat"
        },
    {
        "img": "https://i.pinimg.com/236x/41/83/57/4183571028f79f334a212b135ea5a5a4.jpg",
        "jawaban": "Brainly"
        },
    {
        "img": "https://i.pinimg.com/236x/ec/9f/aa/ec9faa95e5fe04c6ed1cfa88cf66f04b.jpg",
        "jawaban": "Discord"
        },
    {
        "img": "https://i.pinimg.com/236x/de/62/e3/de62e3370143907879bfa5bdc83f5eff.jpg",
        "jawaban": "Inshot"
        },
    {
        "img": "https://i.pinimg.com/236x/3f/41/bb/3f41bbe7f17401973e903b34af6ddb58.jpg",
        "jawaban": "Musically"
        },
    {
        "img": "https://i.pinimg.com/236x/74/59/db/7459db6abec099e9000f274dbbcdb18d.jpg",
        "jawaban": "Tinder"
        },
    {
        "img": "https://www.worldfootwear.com/media/images/news/wf2021156694p.png",
        "jawaban": "Pinterest"
        },
    {
        "img": "https://rawapk.com/wp-content/uploads/2021/07/Mobile-Legends-Bang-Bang-Icon-7.png",
        "jawaban": "Mobile legends"
        },
    {
        "img": "http://assets.stickpng.com/images/610686ecf172fd0004f71b5f.png",
        "jawaban": "Cap cut"
        },
    {
        "img": "https://i.pinimg.com/originals/3c/35/30/3c3530dad75a18b260d3402e93ae76fb.png",
        "jawaban": "Kinemaster"
        },
    {
        "img": "https://i.pinimg.com/564x/6a/c7/d3/6ac7d3a20d30f177441f5dce84fa6d4f.jpg",
        "jawaban": "Play store"
        }, 
        {
        "img": "https://miro.medium.com/max/1134/1*CVEL3RPnk4_8X1MuxIpQ_w.jpeg",
        "jawaban": "Clubhouse"
        },
    {
        "img": "https://layarlebar24.info/wp-content/uploads/2021/03/telegram-1.jpg",
        "jawaban": "Telegram"
        },
    {
        "img": "https://i.pinimg.com/originals/98/e2/89/98e289839f8d24fd7884d683d0abae84.png",
        "jawaban": "Zoom"
        },
    {
        "img": "https://digitalbisa.id/uploads/articles/kualitas-layanan-meningkat-pengguna-aktif-pedulilindungi-capai-19-juta-lebih-ZqNsLQuR9w.png",
        "jawaban": "Peduli lindungi"
        },
    {
        "img": "https://bisnisasia.co.id/wp-content/uploads/2020/10/go.jpg",
        "jawaban": "Gojek"
        },
    {
        "img": "https://www.caritasmanila.org.ph/wp-content/uploads/2020/10/lazada1.png",
        "jawaban": "Lazada"
        },
    {
        "img": "https://www.freepnglogos.com/uploads/logo-tokopedia-png/berita-tokopedia-info-berita-terbaru-tokopedia-6.png",
        "jawaban": "Tokopedia"
        },
    {
        "img": "https://i.pinimg.com/474x/11/be/aa/11beaa047c400369bfe9a5d4d0b73cee.jpg",
        "jawaban": "Shopee"
        },
    {
        "img": "https://androidapksfree.com/wp-content/uploads/2017/02/BIGO-LIVE-APK.jpgg",
        "jawaban": "Bigo live"
        },
    {
        "img": "https://mod.apkmadcdn.xyz/icons/com.vuclip.viu_mod-icon.png",
        "jawaban": "Viu"
        },
    {
        "img": "https://binary-option.co/wp-content/uploads/2021/06/binomo-logo.png",
        "jawaban": "Binomo"
        },
    {
        "img": "https://i.pinimg.com/originals/47/6b/c8/476bc8fd4f4a353fbf431bf1ad2c70e1.jpg",
        "jawaban": "Sound cloud"
        },
    {
        "img": "https://cdn.freebiesupply.com/logos/large/2x/kakaotalk-logo-png-transparent.png",
        "jawaban": "Kakaotalk"
        },
    {
        "img": "https://www.techfizzi.com/wp-content/uploads/2020/04/V-Live-App-Download-And-Run-Free-For-PCWindows-1087-MAC2-in-www.techfizzi.com_.png",
        "jawaban": "Vlive"
        },
    {
        "img": "https://studioweve.com/wp-content/uploads/2020/11/choeaedol.png",
        "jawaban": "Choaeaedol"
        },
    {
        "img": "https://upload.wikimedia.org/wikipedia/en/3/3e/Weverse_%28app%29_logo.png",
        "jawaban": "Weverse"
        },
    {
        "img": "hhttps://www.zenius.net/product/zeniusImages/zlogo.jpg",
        "jawaban": "Zenius"
        }

]
